Seward,
June 2026,https://www.cruisetimetables.com/visitingsewardalaska-jun2026.html
July 2026,https://www.cruisetimetables.com/visitingsewardalaska-jul2026.html
August 2026,https://www.cruisetimetables.com/visitingsewardalaska-aug2026.html
Sept 2026,https://www.cruisetimetables.com/visitingsewardalaska-sep2026.html
Oct 2026,No visits
Nov 2026,No visits
Dec 2026,No visits
Jan 2027,No visits
Feb 2027,No visits
March 2027,No visits
April 2027,No visits
May 2027,https://www.cruisetimetables.com/visitingsewardalaska-may2027.html
June 2027,https://www.cruisetimetables.com/visitingsewardalaska-jun2027.html
July 2027,https://www.cruisetimetables.com/visitingsewardalaska-jul2027.html
August 2027,https://www.cruisetimetables.com/visitingsewardalaska-aug2027.html
Sept 2027,https://www.cruisetimetables.com/visitingsewardalaska-sep2027.html
Oct 2027,No visits
Nov 2027,No visits
Dec 2027,No visits
