Wardcove,
June 2026,https://www.cruisetimetables.com/visitingketchikanalaska-jun2026.html
July 2026,https://www.cruisetimetables.com/visitingketchikanalaska-jul2026.html
August 2026,https://www.cruisetimetables.com/visitingketchikanalaska-aug2026.html
Sept 2026,https://www.cruisetimetables.com/visitingketchikanalaska-sep2026.html
Oct 2026,https://www.cruisetimetables.com/visitingketchikanalaska-oct2026.html
Nov 2026,No visits
Dec 2026,No visits
Jan 2027,No visits
Feb 2027,No visits
March 2027,No visits
April 2027,https://www.cruisetimetables.com/visitingketchikanalaska-apr2027.html
May 2027,https://www.cruisetimetables.com/visitingketchikanalaska-may2027.html
June 2027,https://www.cruisetimetables.com/visitingketchikanalaska-jun2027.html
July 2027,https://www.cruisetimetables.com/visitingketchikanalaska-jul2027.html
August 2027,https://www.cruisetimetables.com/visitingketchikanalaska-aug2027.html
Sept 2027,https://www.cruisetimetables.com/visitingketchikanalaska-sep2027.html
Oct 2027,https://www.cruisetimetables.com/visitingketchikanalaska-oct2027.html
Nov 2027,No visits
Dec 2027,No visits
