Whittier,
June 2026,https://www.cruisetimetables.com/visitingwhittieralaska-jun2026.html
July 2026,https://www.cruisetimetables.com/visitingwhittieralaska-jul2026.html
August 2026,https://www.cruisetimetables.com/visitingwhittieralaska-aug2026.html
Sept 2026,https://www.cruisetimetables.com/visitingwhittieralaska-sep2026.html
Oct 2026,https://www.cruisetimetables.com/visitingwhittieralaska-oct2026.html
Nov 2026,No visits
Dec 2026,No visits
Jan 2027,No visits
Feb 2027,No visits
March 2027,No visits
April 2027,No visits
May 2027,https://www.cruisetimetables.com/cruises-to-whittier-alaska.html#google_vignette
June 2027,https://www.cruisetimetables.com/visitingwhittieralaska-jun2027.html
July 2027,https://www.cruisetimetables.com/visitingwhittieralaska-jul2027.html
August 2027,https://www.cruisetimetables.com/visitingwhittieralaska-aug2027.html
Sept 2027,https://www.cruisetimetables.com/visitingwhittieralaska-sep2027.html
Oct 2027,https://www.cruisetimetables.com/visitingwhittieralaska-oct2027.html
Nov 2027,No visits
Dec 2027,No visits
